{
  "install": "release_messages/dest/install.txt",
  "1.2.0-pre": "release_messages/dest/1.2.0-pre.txt",
  "1.2.1": "release_messages/dest/1.2.1.txt",
  "1.2.2": "release_messages/dest/1.2.2.txt",
  "1.2.3": "release_messages/dest/1.2.3.txt",
  "1.2.4": "release_messages/dest/1.2.4.txt",
  "1.3.0": "release_messages/dest/1.3.0.txt",
  "1.4.0": "release_messages/dest/1.4.0.txt",
  "1.5.0": "release_messages/dest/1.5.0.txt",
  "1.5.1": "release_messages/dest/1.5.1.txt",
  "1.6.0-rc.1": "release_messages/dest/1.6.0-rc.1.txt",
  "1.6.0": "release_messages/dest/1.6.0.txt",
  "1.7.0": "release_messages/dest/1.7.0.txt",
  "1.7.1": "release_messages/dest/1.7.1.txt"
}